{"cameraMode":{"drawMode":0,"name":"Shaded","section":"Shading Mode"},"sceneLighting":false,"audioPlay":false,"sceneViewState":{"m_AlwaysRefresh":false,"showFog":true,"showSkybox":false,"showFlares":true,"showImageEffects":true,"showParticleSystems":true,"showVisualEffectGraphs":true,"m_FxEnabled":true},"in2DMode":false,"pivot":{"x":8.532578468322754,"y":0.04274594783782959,"z":77.60295867919922},"rotation":{"x":0.21369679272174836,"y":0.48446300625801089,"z":-0.12334293127059937,"w":0.8393126130104065},"size":33.918296813964847,"orthographic":false}