{"cameraMode":{"drawMode":2,"name":"Shaded Wireframe","section":"Shading Mode"},"sceneLighting":false,"audioPlay":false,"sceneViewState":{"m_AlwaysRefresh":false,"showFog":true,"showSkybox":false,"showFlares":true,"showImageEffects":true,"showParticleSystems":true,"showVisualEffectGraphs":true,"m_FxEnabled":true},"in2DMode":false,"pivot":{"x":-0.16148482263088227,"y":4.23236083984375,"z":0.2534017562866211},"rotation":{"x":0.003896238747984171,"y":-0.02249797247350216,"z":0.00008563892333768308,"w":0.9997493624687195},"size":1.1608140468597413,"orthographic":false}