{"cameraMode":{"drawMode":2,"name":"Shaded Wireframe","section":"Shading Mode"},"sceneLighting":false,"audioPlay":false,"sceneViewState":{"m_AlwaysRefresh":false,"showFog":true,"showSkybox":false,"showFlares":true,"showImageEffects":true,"showParticleSystems":true,"showVisualEffectGraphs":true,"m_FxEnabled":true},"in2DMode":false,"pivot":{"x":-0.06524112820625305,"y":3.4925246238708498,"z":0.25201845169067385},"rotation":{"x":0.003896238747984171,"y":-0.02249797247350216,"z":0.00008563892333768308,"w":0.9997493624687195},"size":1.7568402290344239,"orthographic":false}