{"cameraMode":{"drawMode":0,"name":"Shaded","section":"Shading Mode"},"sceneLighting":false,"audioPlay":false,"sceneViewState":{"m_AlwaysRefresh":false,"showFog":true,"showSkybox":false,"showFlares":true,"showImageEffects":true,"showParticleSystems":true,"showVisualEffectGraphs":true,"m_FxEnabled":true},"in2DMode":false,"pivot":{"x":-52.848846435546878,"y":28.478248596191408,"z":-30.7244873046875},"rotation":{"x":0.21369679272174836,"y":0.48446300625801089,"z":-0.12334293127059937,"w":0.8393126130104065},"size":24.306184768676759,"orthographic":false}